claim_id,claim,maturity,proof_or_argument,implementation_or_test,source_or_input,experiment,paper_location,raw_result,fresh_recheck,limits
C01,The fixed bounded safety predicate is evaluated over the retained-root closure of one three-field record shape.,DEFINED,proofs/argument.md: Definitions,src/model.py; src/checker.py; src/oracle.py,inputs/domain.json,schema and admission tests,Sec. II-A; Eqs. (1)-(3),results/campaign/unit-tests.txt,legacy replay exit 0,Fixed predicate; finite domain; not Java semantics.
C02,Agreement on the locations read by the prior deterministic evaluation preserves its result and ordered transcript.,PROVED_BY_HAND,proofs/argument.md: Lemma 1,separate implementations exercise the cases,fixed evaluator definition,directed tests and complete finite census,Sec. II-B; Lemma 1,results/campaign/unit-tests.txt; exhaustive-*.json,legacy replay exit 0,Handwritten argument; not machine-checked and not for arbitrary Java invariant methods.
C03,"The read-dependency frontier is sufficient for the fixed predicate under authentic complete events, roots, and one-location candidate updates.",PROVED_BY_HAND; FINITE_CHECKED,proofs/argument.md: Theorem 1,src/producer.py; src/checker.py; src/oracle.py,all 2-/3-object safe pre-states and changing candidates,"615,984 exhaustive candidates",Sec. II-B; Theorem 1,results/campaign/exhaustive-2.json; exhaustive-3.json,0 frontier/oracle disagreements in final replay,"Sufficient, not minimum; premise does not follow from passive Java callbacks."
C04,"Under the stated abstract premises, an accepted ALLOW is safe and accepted DENY_UNSAFE has a reachable failing predicate; invalid certificates do not commit semantic state.",PROVED_BY_HAND; FINITE_CHECKED,proofs/argument.md: Theorem 2,src/checker.py; tests/test_certificates.py,owned finite model and malformed-certificate variants,complete census plus directed tests,Sec. II-C; Theorem 2,results/campaign/unit-tests.txt; exhaustive-*.json,legacy replay exit 0; 18 malformed variants rejected,"Proof concerns ideal algorithm; no process isolation, JVM refinement, or machine proof."
C05,"The exhaustive 2-/3-object campaign covers 33,344 heap/root states, 10,438 safe pre-states, and 615,984 candidates with zero checker/oracle disagreement.",MEASURED; REPRODUCED,enumeration contract in experiment-contract.md,src/exhaustive.py; src/oracle.py; src/checker.py,inputs/domain.json,complete deterministic finite enumeration,Sec. V-A; Table III,results/campaign/exhaustive-2.json; exhaustive-3.json,7/7 scientific JSON MATCH in final replay,"Exhaustive only for n=2,3 and the fixed domain."
C06,"A written-object-plus-newly-reachable control accepts 4,296 unsafe candidates.",MEASURED; REPRODUCED,counterexample rationale in proofs/argument.md,src/exhaustive.py restricted controls,same finite census,restricted-control comparison,Sec. V-B; Table IV,results/campaign/exhaustive-2.json; exhaustive-3.json,final replay MATCH,Shows the chosen control is insufficient; it is not a comparison with InvCOP or another published implementation.
C07,Every supplied root is checked with type(r) is int and range validation before deduplication; mixed equal bool/float values reject while exact duplicate integers preserve root semantics and the 128-entry input limit.,FINITE_CHECKED; REPRODUCED,Python equality ambiguity and admission rule,src/checker.py; tests/test_certificates.py; bridge_tests/test_java_trace_bridge.py,one-object safe heap and listed list/tuple inputs,directed root regression,Sec. IV; Table II,results/final-replay/root-validation.json; results/bridge-campaign/bridge-unit-tests.txt,8/8 mixed permutations reject; legal duplicates accept; 128 accept; 129 reject,A caller-created set may already have lost an equal typed value before reaching the API.
C08,"The preserved passive round-trip campaign contains 24 owned graphs, 66 callback snapshots, and no constructor calls during reading.",MEASURED; REPRODUCED,observation-only interpretation,java/BenignGraphs.java,locally authored benign graphs,ordinary ObjectInputStream round trips,Sec. V-B,results/campaign/java-summary.json; java-observations.jsonl,deterministic Java observations byte-match in final replay,"Passive snapshots do not establish complete writes, aliases, or enforcement."
C09,The independent Java trace bridge maps only narrow owned final snapshots and otherwise returns UNKNOWN.,IMPLEMENTED; MEASURED,proofs/concrete-bridge.md,src/java_trace_bridge.py; bridge_tests/test_java_trace_bridge.py,11 actual Java cases,reproduce_trace_bridge.py,Sec. III; Proposition 1; Sec. IV,results/bridge-campaign/bridge-results.json; bridge-summary.json,bridge runner exit 0; 3 MAPPED and 8 UNKNOWN,"MAPPED is structural encoding, not trace refinement or safety enforcement."
C10,"For a mapped snapshot, exact copying plus complete identity/root assumptions preserves evaluation of the same fixed predicate.",PROVED_BY_HAND; TESTED_ON_MAPPED_CASES,proofs/concrete-bridge.md: conditional encoding proposition,src/java_trace_bridge.py; src/oracle.py; src/checker.py,three mapped owned snapshots,bridge runner checks dense oracle and checker admission,Sec. III; Proposition 1,results/bridge-campaign/bridge-results.json,2 safe/admitted and 1 unsafe/rejected,Conditional on completeness assumptions that passive callbacks do not generally establish.
C11,A shared reference remains an identity alias after ordinary deserialization in the owned fixture.,MEASURED,case interpretation in proofs/concrete-bridge.md,java/DeserializationTraceHarness.java,shared-alias case,ordinary ObjectInputStream,Sec. IV; Table I,results/bridge-campaign/java-traces.jsonl,negative-control fact true,One local class/JDK run; not all alias behavior.
C12,"In the cyclic fixture, a readObject callback observes its peer before that peer has completed the owned callback marker.",MEASURED,callback-order boundary in proofs/concrete-bridge.md,java/DeserializationTraceHarness.java,cycle-callback-order case,ordinary ObjectInputStream,Sec. IV; Table I,results/bridge-campaign/java-traces.jsonl,negative-control fact true; bridge UNKNOWN,Owned marker is not a JVM initialization state.
C13,An owned readObject callback can publish this to an external static field before restoration completes.,MEASURED,early-publication boundary in proofs/concrete-bridge.md,java/DeserializationTraceHarness.java,early-external-escape case,ordinary ObjectInputStream,Sec. IV; Table I,results/bridge-campaign/java-traces.jsonl,escaped alias is returned root; bridge UNKNOWN,Benign self-contained fixture; no claim about prevalence.
C14,readResolve can replace the restored proxy with a pre-existing canonical object in the owned fixture.,MEASURED,substitution boundary in proofs/concrete-bridge.md,java/DeserializationTraceHarness.java,read-resolve-external-alias case,ordinary ObjectInputStream,Sec. IV; Table I,results/bridge-campaign/java-traces.jsonl,returned_preexisting_canonical=true; bridge UNKNOWN,One standard callback pattern; does not characterize every substitution.
C15,"Compatible class evolution can produce a field for which GetField.defaulted is true, separating absence provenance from an explicit null value.",MEASURED,missing-field boundary in proofs/concrete-bridge.md,java/evolution/v1; java/evolution/v2,v1 stream read by v2 class with same serialVersionUID,two-version compile/write/read fixture,Sec. IV; Table I,results/bridge-campaign/java-evolution-observation.jsonl; java-traces.jsonl,defaulted_next=true; bridge UNKNOWN,One compatible evolution case on the recorded JDK.
C16,An Object-typed restored field can hold a value outside the fixed node shape.,MEASURED,shape boundary in proofs/concrete-bridge.md,java/DeserializationTraceHarness.java,type-shape-mismatch case,ordinary ObjectInputStream,Sec. IV; Table I,results/bridge-campaign/java-traces.jsonl,payload is String; bridge UNKNOWN,The abstract model deliberately excludes this value shape.
C17,The tested public resolveObject hook reports objects but no individual field-assignment events required by the incremental checker.,MEASURED,coverage boundary in proofs/concrete-bridge.md,java/DeserializationTraceHarness.java,resolve-object-field-write-gap case,ObservingInputStream on one owned graph,Sec. IV; Table I,results/bridge-campaign/java-traces.jsonl,field_write_events_observed=0; bridge UNKNOWN,Observation about this hook/run; not an impossibility theorem for instrumentation or modified runtimes.
C18,A throwing callback can leave an externally retained alias when it publishes before throwing; a matched closed-failure fixture leaves none.,MEASURED,failure-side-effect boundary in proofs/concrete-bridge.md,java/DeserializationTraceHarness.java,failure-closed and failure-after-external-escape,ordinary ObjectInputStream,Sec. IV; Table I,results/bridge-campaign/java-traces.jsonl,closed=false alias; escaped=true alias; both UNKNOWN,Does not claim all side effects or all failure paths behave identically.
C19,The original environment is only partially recoverable; a new explicitly recorded environment replay matches seven scientific JSON files and five deterministic files without rewriting canonical results.,RECORDED; REPRODUCED,environment provenance rule,reproduce.py,preserved campaign and new empty output directory,offline replay with verify-against,Sec. V-C,results/campaign/environment.json; results/final-replay/environment.json; replay-verification.json,runner exit 0; 7/7 semantic MATCH and 5/5 byte MATCH,No claim of same-environment historical replay or cross-machine/JDK reproducibility.
C20,"A deserialization-specific positive research lock, complete concrete-to-abstract refinement, and production enforcement mechanism are not established.",NEGATIVE RESULT; NOT ESTABLISHED,research-plan.md; proofs/concrete-bridge.md,absence of enforcement implementation plus eight UNKNOWN controls,closest-work comparison and executed bridge cases,research-lock review,"Abstract; Secs. I, VI-VIII",results/bridge-campaign/bridge-summary.json; research-lock-review.md,route rechecked after literature and code review,"Blocks claims of JVM safety, constructor history, production monitoring, or submission-ready TIFS originality."
