name,url,license,access_date,resource_type,acquisition_method,reading_extent,integration_mode,supported_claim,internals_modified
"Java Object Serialization Specification, Object Input Classes",https://docs.oracle.com/en/java/javase/21/docs/specs/serialization/input.html,Oracle documentation terms; not redistributed,2026-09-27,official specification,first-party web/PDF review,"relevant sections on recursive restoration, constructors, readObject, GetField/defaulted, validation, readResolve/resolveObject, and exceptions",manuscript citation and concrete-model boundary,actual ObjectInputStream mechanism and special callbacks,no
Runtime Monitoring of Object Invariants with Guarantee,https://doi.org/10.1007/978-3-540-89247-2_10,publisher/author rights; not redistributed,2026-09-27,peer-reviewed paper,author-hosted full text plus DOI metadata,full method and theorem-relevant sections,citation and closest-work comparison,dynamic invariant read dependencies and affected-object rechecking are prior work,no
Certifying Algorithms,https://doi.org/10.1016/j.cosrev.2010.09.009,publisher/author rights; not redistributed,2026-09-27,peer-reviewed survey/research paper,author preprint plus DOI metadata,introduction and stateful/reactive certification sections,citation and closest-work comparison,untrusted computation plus separate checking is prior art,no
Masked Types for Sound Object Initialization,https://doi.org/10.1145/1480881.1480890,ACM/author rights; not redistributed,2026-09-27,peer-reviewed paper,author-hosted paper plus DOI metadata,"full abstract, model, cyclic-initialization and soundness-relevant sections",citation and closest-work comparison,partial-field initialization and cyclic structures are prior work,no
Enforcing Secure Object Initialization in Java,https://doi.org/10.1007/978-3-642-15497-3_7,publisher/author rights; not redistributed,2026-09-27,peer-reviewed paper,archived full text and DOI metadata,"model, Java discipline, soundness and limitation sections",citation and closest-work comparison,formal Java-oriented initialization discipline is prior work,no
MUSTI: Dynamic Prevention of Invalid Object Initialization Attacks,https://doi.org/10.1109/TIFS.2019.2894356,IEEE/author rights; not redistributed,2026-09-27,peer-reviewed TIFS paper,author manuscript plus DOI metadata,full substantive paper,citation and historical boundary comparison,runtime constructor-chain defense exists; current artifact does not implement it,no
Seneca: Taint-Based Call Graph Construction for Java Object Deserialization,https://doi.org/10.1145/3649851,ACM/author rights; not redistributed,2026-09-27,peer-reviewed paper,archived paper and DOI metadata,callback/call-graph modeling and evaluation sections,citation and adjacent-work comparison,hidden deserialization callbacks are an established analysis concern,no
An In-Depth Study of Java Deserialization Remote-Code Execution Exploits and Vulnerabilities,https://doi.org/10.1145/3554732,ACM/author rights; not redistributed,2026-09-27,peer-reviewed paper,publisher/author metadata and substantive paper review,"threat taxonomy, object construction, study method and limits",citation and adjacent security context,practical gadget/deserialization landscape; not a baseline for fixed invariants,no
ODDFUZZ,https://doi.org/10.1109/SP46215.2023.10179377,IEEE/author rights; not redistributed,2026-09-27,peer-reviewed paper,publisher metadata and substantive paper review,structure-aware fuzzing method and evaluation claims,citation and adjacent security context,gadget vulnerability discovery is distinct from invariant certificates,no
GCMiner,https://doi.org/10.1109/ICSE48619.2023.00044,IEEE/ACM/author rights; not redistributed,2026-09-27,peer-reviewed paper,publisher metadata and substantive paper review,object-generation mechanism and evaluation claims,citation and adjacent security context,object relation/gadget mining is distinct from this fixed predicate,no
JDD,https://ieeexplore.ieee.org/document/10646619,IEEE/author rights; not redistributed,2026-09-27,peer-reviewed paper,publisher metadata and substantive paper review,"bottom-up search, dataflow-aided construction and evaluation claims",citation and adjacent security context,gadget-chain construction is distinct from passive invariant observation,no
Supplied IEEEtran class and bibliography style,https://www.ctan.org/pkg/ieeetran,upstream notices retained,2026-09-27,publisher-family template assets,user-supplied files; local header inspection,class/style structure and local compilation,paper build only,typesetting; no scientific claim and no latest-selector certification,no
Owned finite inputs and Java fixtures,,original project material under artifact LICENSE where applicable,2026-09-27,original scientific inputs,locally authored; no acquisition,complete retained files,executed tests and experiments,"finite model, benign Java observations, and negative controls",not applicable
