key,title,source_type,primary_url,persistent_identifier,supported_topic,reading_extent,manuscript_use,verification_limit,checked_date
serialization,"Oracle Java Serialization Specification, ch.3",official specification,https://docs.oracle.com/en/java/javase/21/docs/specs/serialization/input.html,JavaSE21,"ordinary restoration, records, constructors, substitution, missing fields, exceptions","Sections3.1,3.4-3.7 inspected in full relevant passages","Sec.I,III; restoration boundaries",official exact text; not a research novelty source,2026-10-03
invcop,Runtime Monitoring of Object Invariants with Guarantee,published research,https://www.microsoft.com/en-us/research/wp-content/uploads/2016/02/rv08.pdf,10.1007/978-3-540-89247-2_10,dynamic read dependency and rechecking premises,Section2.2 Definition1; Theorem1 and implementation premises inspected; current full PDF and p10 premises A1-A3/Theorem1 visually inspected,"Sec.IV,VII; frontier antecedent",title/authors/publication supported by retained record and primary paper,2026-10-03
certifying,Certifying Algorithms,published survey,https://doi.org/10.1016/j.cosrev.2010.09.009,10.1016/j.cosrev.2010.09.009,untrusted computation and separate checker,current publisher explanatory text; earlier retained intro/reactive reading record; new full PDF fetch failed,"Sec.I,VII; established architecture",issue year2011 differs from2010 online/DOI string; not claimed new full reread,2026-10-03
masked,Masked Types for Sound Object Initialization,published research,https://www.cs.cornell.edu/andru/papers/masked-types.pdf,10.1145/1480881.1480890,partial/cyclic initialization,"model,typing/alias and soundness-related portions inspected; current PDF parsed text on aliasing/strongly connected initialization read; web screenshot failed, not counted as a new visual full-paper review","Sec.I,VII; not equivalent to one ready bit",primary author paper plus inherited publisher metadata,2026-10-03
musti,MUSTI: Dynamic Prevention of Invalid Object Initialization Attacks,published research,https://www.abartel.net/static/p/tifs2019-musti.pdf,10.1109/TIFS.2019.2894356,runtime constructor-chain enforcement,implementation and evaluation/limits inspected; no exploit reproduction; current author PDF mechanism and implementation p6 inspected; no code or attack reproduced,"Sec.I,VII; concrete mechanism comparison",reported runtime/application data not transferred into our experiments,2026-10-03
seccode,Secure Coding Guidelines for Java SE,official guidance,https://www.oracle.com/java/technologies/javase/seccodeguide.html,"version11,June2025",defensive reconstruction and serializable-class restriction,Section8 and constructor callout guidance inspected,"Sec.I,VII; established defensive practices","website is required mechanism guidance, not peer-reviewed work",2026-10-03
enforceable,Enforceable Security Policies,published research,https://www.cs.cornell.edu/fbs/publications/EnfSecPols.pdf,10.1145/353323.353382,execution monitoring interface,execution-monitor model and assumptions inspected,Sec.III; intervention scope,"projection lemma is our elementary reasoning, not attributed as a novel general theorem",2026-10-03
verified,A Framework for the Verification of Certifying Computations,published research,https://link.springer.com/article/10.1007/s10817-013-9289-2,10.1007/s10817-013-9289-2,checker implementation vs witness-property proof,Retained archived-text reading plus current publisher title/authors/volume52/pages241-273/issue-year2014 verified; full publisher text is access-restricted,"Sec.IV,VII; assurance distinction",Journal edition replaces archived citation; no claim that publisher full text was newly obtained,2026-10-03
filtering,"ObjectInputFilter, Java SE21 API",official API specification,https://docs.oracle.com/en/java/javase/21/docs/api/java.base/java/io/ObjectInputFilter.html,JavaSE21,class/resource filter and trusted factory,filter-factory model and checkInput contract inspected,Sec.V; allocation filtering assumptions,UNDECIDED is not asserted to prove the invariant,2026-10-03
protocol,"Java Object Serialization Specification, ch.6",official specification,https://docs.oracle.com/en/java/javase/21/docs/specs/serialization/protocol.html,JavaSE21,stream grammar and narrower canonical receiver,stream-format/reference/reset context inspected,Sec.V; canonical language differs from full protocol,does not claim all JVMs emit identical canonical bytes,2026-10-03
secureinit,Enforcing Secure Object Initialization in Java,published research,https://arxiv.org/pdf/1007.3133,10.1007/978-3-642-15497-3_7,formal Java initialization discipline,"typing,soundness,implementation and limitation passages inspected",Sec.VII; distinguish initialization typing,retained publication metadata and archived substantive paper,2026-10-03
seneca,Seneca: Taint-Based Call Graph Construction for Java Object Deserialization,published research,https://arxiv.org/pdf/2311.00943,10.1145/3649851,implicit callback call-graph modeling,synthetic callback construction and analysis method sections inspected,Sec.VII; not runtime invariant baseline,2024PACMPLrecord; archived preprint used for method,2026-10-03
sayar,An In-depth Study of Java Deserialization Remote-Code Execution Exploits and Vulnerabilities,published research,https://arxiv.org/pdf/2208.08173,10.1145/3554732,"study entry points,lifecycle and defense boundaries",study protocol/questions and defense-related passages inspected,Sec.VII; empirical context,no executable exploits consumed; published45pages vs archived51not confused,2026-10-03
oddfuzz,ODDFUZZ: Discovering Java Deserialization Vulnerabilities via Structure-Aware Directed Greybox Fuzzing,published research,https://arxiv.org/pdf/2304.04233,10.1109/SP46215.2023.10179377,candidate discovery and directed structured testing,method and SectionVI evaluation protocol inspected,Sec.VII; different target property,no tool execution; current screenshot retry failed; no table numbers copied,2026-10-03
gcminer,Improving Java Deserialization Gadget Chain Mining via Overriding-Guided Object Generation,published research,https://arxiv.org/pdf/2303.07593,10.1109/ICSE48619.2023.00044,dynamic overriding and candidate validation,empirical setup and method portions inspected,Sec.VII; different target property,no code/payload acquired; current screenshot retry failed; no numerical table claims,2026-10-03
android,Deserialization Gadget Chains are not a Pathological Problem in Android: An In-Depth Study of Java Gadget Chains in AOSP,preprint,https://arxiv.org/abs/2502.08447,10.48550/arXiv.2502.08447,context-qualified negative empirical result,full-text threat/data boundaries and conclusion inspected,Sec.VII; avoid universal negative inference,exact2025arXivrecord; no asserted review/award status,2026-10-03
sleeping,Sleeping Giants -- Activating Dormant Java Deserialization Gadget Chains through Stealthy Code Changes,published research,https://www.umu.se/en/staff/alexandre-bartel/,10.1145/3719027.3765031,changed-dependency threat boundary,Retained archived paper reading; institutional publication record confirms CCS2025 pp2668-2682; author repository bibliography confirms DOI,Sec.VII; our trusted fixed-code assumption differs,"ACM full text returned403; current formal metadata is verified, not a new reading of inaccessible final typeset text",2026-10-03
partial,Partial Evaluation and Automatic Program Generation,published book,https://studwww.itu.dk/people/sestoft/pebook/,ISBN0-13-020249-5,Specialization of a general program to a known input as an established transformation idea,Author-hosted explanatory page and bibliographic record; full415-page book was not reread,IV-D;VII; scope of manual schedule specialization,"Cited for the basic specialization concept only, not an uninspected technical theorem or automatic equivalence certification",2026-10-03
benchmarking,Rigorous Benchmarking in Reasonable Time,published research,https://kar.kent.ac.uk/33611/,10.1145/2464157.2464160,Replications across VM executions and uncertainty in benchmark comparisons,"Author repository record, abstract and methodology summary; full accepted manuscript download could not be obtained in this continuation",VI-F; managed-runtime replication limitation,Does not imply our seven-fork study implements their variance-optimized allocation or confidence-interval method,2026-10-03
