heap_index,root_mask,transitions,frontier_mismatches,direct_false_accepts,stale_false_accepts,root_false_accepts,phase_false_accepts,annotation_false_accepts,full_obligations,frontier_obligations,checker_replays,checker_mismatches,checker_steps
0,0,24,0,0,0,0,0,14,18,18,1,0,1
1,0,24,0,0,0,1,0,15,23,23,0,0,0
2,0,24,0,0,0,0,0,14,18,18,0,0,0
3,0,24,0,0,0,0,0,14,18,18,0,0,0
4,0,24,0,0,0,0,0,15,23,23,0,0,0
5,0,24,0,0,0,0,0,14,18,18,1,0,4
6,0,24,0,0,0,1,0,9,18,18,0,0,0
6,2,24,0,0,2,2,0,11,34,19,0,0,0
7,0,24,0,0,0,3,0,12,23,23,0,0,0
8,0,24,0,0,0,1,0,9,18,18,0,0,0
8,2,24,0,0,2,2,0,11,34,22,1,0,4
9,0,24,0,0,0,0,0,9,18,18,0,0,0
9,2,24,0,0,2,0,0,11,34,19,0,0,0
10,0,24,0,0,0,2,1,13,23,23,0,0,0
11,0,24,0,0,0,0,0,9,18,18,0,0,0
11,2,24,0,0,2,0,0,11,34,22,1,0,10
12,0,24,0,0,0,0,0,14,18,18,0,0,0
13,0,24,0,0,0,1,0,15,23,23,0,0,0
14,0,24,0,0,0,0,0,14,18,18,0,0,0
15,0,24,0,0,0,0,0,14,18,18,0,0,0
16,0,24,0,0,0,0,0,15,23,23,0,0,0
17,0,24,0,0,0,0,0,14,18,18,1,0,4
18,0,24,0,0,0,1,0,9,18,18,0,0,0
18,2,24,0,0,2,2,0,11,34,19,0,0,0
19,0,24,0,0,0,3,0,12,23,23,0,0,0
20,0,24,0,0,0,1,0,9,18,18,0,0,0
20,2,24,0,0,2,2,0,11,34,22,1,0,3
21,0,24,0,0,0,0,0,9,18,18,0,0,0
21,2,24,0,0,2,0,0,11,34,19,0,0,0
22,0,24,0,0,0,2,1,13,23,23,0,0,0
23,0,24,0,0,0,0,0,9,18,18,0,0,0
23,2,24,0,0,2,0,0,11,34,22,1,0,5
24,0,24,0,0,0,1,0,15,23,23,0,0,0
25,0,24,0,0,0,2,0,16,28,28,0,0,0
26,0,24,0,0,0,1,0,15,23,23,0,0,0
27,0,24,0,0,0,1,0,15,23,23,0,0,0
28,0,24,0,0,0,1,0,16,28,28,0,0,0
29,0,24,0,0,0,1,0,15,23,23,1,0,10
30,0,24,0,0,0,1,0,9,23,23,0,0,0
30,2,24,0,0,2,2,0,11,34,19,0,0,0
31,0,24,0,0,0,3,0,12,28,28,0,0,0
32,0,24,0,0,0,1,0,9,23,23,0,0,0
32,2,24,0,0,2,2,0,11,34,22,1,0,3
33,0,24,0,0,0,0,0,9,23,23,0,0,0
33,2,24,0,0,2,0,0,11,34,19,0,0,0
34,0,24,0,0,0,3,2,14,28,28,0,0,0
35,0,24,0,0,0,0,0,9,23,23,0,0,0
35,2,24,0,0,2,0,0,11,34,22,1,0,7
36,0,24,0,0,0,0,0,14,18,18,0,0,0
37,0,24,0,0,0,1,0,15,23,23,0,0,0
38,0,24,0,0,0,0,0,14,18,18,0,0,0
39,0,24,0,0,0,0,0,14,18,18,0,0,0
40,0,24,0,0,0,1,0,15,23,23,1,0,4
41,0,24,0,0,0,0,0,14,18,18,0,0,0
42,0,24,0,0,0,1,0,9,18,18,0,0,0
42,2,24,0,0,2,2,0,11,34,19,0,0,0
43,0,24,0,0,0,4,0,12,23,23,0,0,0
44,0,24,0,0,0,1,0,9,18,18,0,0,0
44,2,24,0,0,2,2,0,11,34,22,1,0,3
45,0,24,0,0,0,1,0,9,18,18,0,0,0
45,2,24,0,0,2,2,0,11,34,19,0,0,0
46,0,24,0,0,0,3,0,12,23,23,0,0,0
47,0,24,0,0,0,1,0,9,18,18,0,0,0
47,2,24,0,0,2,2,0,11,34,22,1,0,4
48,0,24,0,0,0,0,0,14,18,18,0,0,0
49,0,24,0,0,0,1,0,15,23,23,0,0,0
50,0,24,0,0,0,0,0,14,18,18,0,0,0
51,0,24,0,0,0,0,0,14,18,18,0,0,0
52,0,24,0,0,0,1,0,15,23,23,1,0,4
53,0,24,0,0,0,0,0,14,18,18,0,0,0
54,0,24,0,0,0,1,0,9,18,18,0,0,0
54,2,24,0,0,2,2,0,11,34,19,0,0,0
55,0,24,0,0,0,4,0,12,23,23,0,0,0
56,0,24,0,0,0,1,0,9,18,18,0,0,0
56,2,24,0,0,2,2,0,11,34,22,1,0,3
57,0,24,0,0,0,1,0,9,18,18,0,0,0
57,2,24,0,0,2,2,0,11,34,19,0,0,0
58,0,24,0,0,0,3,0,12,23,23,0,0,0
59,0,24,0,0,0,1,0,9,18,18,0,0,0
59,2,24,0,0,2,2,0,11,34,22,1,0,3
60,0,24,0,0,0,0,0,15,23,23,0,0,0
61,0,24,0,0,0,1,0,16,28,28,0,0,0
62,0,24,0,0,0,0,0,15,23,23,0,0,0
63,0,24,0,0,0,1,0,15,23,23,0,0,0
64,0,24,0,0,0,2,0,16,28,28,1,0,7
65,0,24,0,0,0,1,0,15,23,23,0,0,0
66,0,24,0,0,0,1,1,10,23,23,0,0,0
66,2,24,0,0,2,2,1,12,34,19,0,0,0
67,0,24,0,0,0,5,2,14,28,28,0,0,0
68,0,24,0,0,0,1,1,10,23,23,1,0,10
68,2,24,0,0,2,2,1,12,34,22,0,0,0
69,0,24,0,0,0,1,0,9,23,23,0,0,0
69,2,24,0,0,2,2,0,11,34,19,0,0,0
70,0,24,0,0,0,3,0,12,28,28,0,0,0
71,0,24,0,0,0,1,0,9,23,23,0,0,0
71,2,24,0,0,2,2,0,11,34,22,1,0,3
72,0,24,0,0,0,1,0,9,18,18,0,0,0
72,1,24,0,0,2,2,0,11,34,19,0,0,0
73,0,24,0,0,0,1,0,9,23,23,0,0,0
73,1,24,0,0,2,2,0,11,34,19,0,0,0
74,0,24,0,0,0,1,0,9,18,18,1,0,5
74,1,24,0,0,2,2,0,11,34,19,0,0,0
75,0,24,0,0,0,1,0,9,18,18,0,0,0
75,1,24,0,0,2,2,0,11,34,19,0,0,0
76,0,24,0,0,0,1,1,10,23,23,0,0,0
76,1,24,0,0,2,2,1,12,34,19,1,0,6
77,0,24,0,0,0,1,0,9,18,18,0,0,0
77,1,24,0,0,2,2,0,11,34,19,0,0,0
78,0,24,0,0,0,0,0,2,18,18,0,0,0
78,1,24,0,0,3,0,0,4,34,19,0,0,0
78,2,24,0,0,3,0,0,4,34,19,0,0,0
78,3,24,0,0,6,0,0,6,48,18,1,0,5
79,0,24,0,0,0,1,1,4,23,23,0,0,0
79,1,24,0,0,3,0,1,5,34,19,0,0,0
79,2,24,0,0,9,2,3,9,44,24,0,0,0
79,3,24,0,0,9,0,3,9,48,24,0,0,0
80,0,24,0,0,0,0,0,2,18,18,1,0,13
80,1,24,0,0,3,0,0,4,34,19,0,0,0
80,2,24,0,0,3,0,0,4,34,22,0,0,0
80,3,24,0,0,6,0,0,6,48,21,0,0,0
81,0,24,0,0,0,0,1,3,18,18,0,0,0
81,1,24,0,0,3,0,1,5,34,19,1,0,7
81,2,24,0,0,6,0,3,7,34,19,0,0,0
81,3,24,0,0,9,0,3,9,48,18,0,0,0
82,0,24,0,0,0,1,3,6,23,23,0,0,0
82,1,24,0,0,2,2,4,8,34,19,0,0,0
83,0,24,0,0,0,0,1,3,18,18,0,0,0
83,1,24,0,0,3,0,1,5,34,19,1,0,4
83,2,24,0,0,6,0,3,7,34,22,0,0,0
83,3,24,0,0,9,0,3,9,48,21,0,0,0
84,0,24,0,0,0,1,0,9,18,18,0,0,0
84,1,24,0,0,2,2,0,11,34,22,0,0,0
85,0,24,0,0,0,1,0,9,23,23,1,0,5
85,1,24,0,0,2,2,0,11,34,22,0,0,0
86,0,24,0,0,0,1,0,9,18,18,0,0,0
86,1,24,0,0,2,2,0,11,34,22,0,0,0
87,0,24,0,0,0,1,0,9,18,18,0,0,0
87,1,24,0,0,2,2,0,11,34,22,1,0,7
88,0,24,0,0,0,1,1,10,23,23,0,0,0
88,1,24,0,0,2,2,1,12,34,22,0,0,0
89,0,24,0,0,0,1,0,9,18,18,0,0,0
89,1,24,0,0,2,2,0,11,34,22,0,0,0
90,0,24,0,0,0,0,0,2,18,18,1,0,1
90,1,24,0,0,3,0,0,4,34,22,0,0,0
90,2,24,0,0,3,0,0,4,34,19,0,0,0
90,3,24,0,0,6,0,0,6,48,21,0,0,0
91,0,24,0,0,0,1,1,4,23,23,0,0,0
91,1,24,0,0,3,0,1,5,34,22,0,0,0
91,2,24,0,0,9,2,3,9,44,27,1,0,13
91,3,24,0,0,9,0,3,9,48,27,0,0,0
92,0,24,0,0,0,0,0,2,18,18,0,0,0
92,1,24,0,0,3,0,0,4,34,22,0,0,0
92,2,24,0,0,3,0,0,4,34,22,0,0,0
92,3,24,0,0,6,0,0,6,48,24,1,0,9
93,0,24,0,0,0,0,1,3,18,18,0,0,0
93,1,24,0,0,3,0,1,5,34,22,0,0,0
93,2,24,0,0,6,0,3,7,34,19,0,0,0
93,3,24,0,0,9,0,3,9,48,21,0,0,0
94,0,24,0,0,0,1,3,6,23,23,1,0,1
94,1,24,0,0,2,2,4,8,34,22,0,0,0
95,0,24,0,0,0,0,1,3,18,18,0,0,0
95,1,24,0,0,3,0,1,5,34,22,0,0,0
95,2,24,0,0,6,0,3,7,34,22,0,0,0
95,3,24,0,0,9,0,3,9,48,24,0,0,0
96,0,24,0,0,0,3,0,12,23,23,1,0,7
97,0,24,0,0,0,3,0,12,28,28,0,0,0
98,0,24,0,0,0,3,0,12,23,23,0,0,0
99,0,24,0,0,0,4,0,12,23,23,0,0,0
100,0,24,0,0,0,5,2,14,28,28,0,0,0
101,0,24,0,0,0,4,0,12,23,23,1,0,4
102,0,24,0,0,0,1,1,4,23,23,0,0,0
102,1,24,0,0,9,2,3,9,44,24,0,0,0
102,2,24,0,0,3,0,1,5,34,19,0,0,0
102,3,24,0,0,9,0,3,9,48,24,0,0,0
103,0,24,0,0,0,4,4,8,28,28,1,0,1
103,1,24,0,0,12,4,6,12,44,30,0,0,0
103,2,24,0,0,12,4,6,12,44,30,0,0,0
103,3,24,0,0,12,0,6,12,48,30,0,0,0
104,0,24,0,0,0,1,1,4,23,23,0,0,0
104,1,24,0,0,9,2,3,9,44,27,1,0,9
104,2,24,0,0,3,0,1,5,34,22,0,0,0
104,3,24,0,0,9,0,3,9,48,27,0,0,0
105,0,24,0,0,0,2,2,5,23,23,0,0,0
105,1,24,0,0,9,4,3,9,44,24,0,0,0
105,2,24,0,0,6,0,3,7,34,19,0,0,0
105,3,24,0,0,9,0,3,9,48,24,1,0,9
106,0,24,0,0,0,1,2,6,28,28,0,0,0
107,0,24,0,0,0,2,2,5,23,23,0,0,0
107,1,24,0,0,9,4,3,9,44,27,0,0,0
107,2,24,0,0,6,0,3,7,34,22,0,0,0
107,3,24,0,0,9,0,3,9,48,27,1,0,6
108,0,24,0,0,0,0,0,9,18,18,0,0,0
108,1,24,0,0,2,0,0,11,34,19,0,0,0
109,0,24,0,0,0,0,0,9,23,23,0,0,0
109,1,24,0,0,2,0,0,11,34,19,0,0,0
110,0,24,0,0,0,0,0,9,18,18,1,0,5
110,1,24,0,0,2,0,0,11,34,19,0,0,0
111,0,24,0,0,0,1,0,9,18,18,0,0,0
111,1,24,0,0,2,2,0,11,34,19,0,0,0
112,0,24,0,0,0,1,0,9,23,23,0,0,0
112,1,24,0,0,2,2,0,11,34,19,0,0,0
113,0,24,0,0,0,1,0,9,18,18,1,0,4
113,1,24,0,0,2,2,0,11,34,19,0,0,0
114,0,24,0,0,0,0,1,3,18,18,0,0,0
114,1,24,0,0,6,0,3,7,34,19,0,0,0
114,2,24,0,0,3,0,1,5,34,19,0,0,0
114,3,24,0,0,9,0,3,9,48,18,1,0,9
115,0,24,0,0,0,2,2,5,23,23,0,0,0
115,1,24,0,0,6,0,3,7,34,19,0,0,0
115,2,24,0,0,9,4,3,9,44,24,0,0,0
115,3,24,0,0,9,0,3,9,48,24,0,0,0
116,0,24,0,0,0,0,1,3,18,18,1,0,5
116,1,24,0,0,6,0,3,7,34,19,0,0,0
116,2,24,0,0,3,0,1,5,34,22,0,0,0
116,3,24,0,0,9,0,3,9,48,21,0,0,0
117,0,24,0,0,0,0,0,2,18,18,0,0,0
117,1,24,0,0,3,0,0,4,34,19,1,0,9
117,2,24,0,0,3,0,0,4,34,19,0,0,0
117,3,24,0,0,6,0,0,6,48,18,0,0,0
118,0,24,0,0,0,1,1,4,23,23,0,0,0
118,1,24,0,0,3,0,1,5,34,19,0,0,0
118,2,24,0,3,9,2,3,9,44,24,0,0,0
118,3,24,0,3,9,0,3,9,48,24,1,0,9
119,0,24,0,0,0,0,0,2,18,18,0,0,0
119,1,24,0,0,3,0,0,4,34,19,0,0,0
119,2,24,0,0,3,0,0,4,34,22,0,0,0
119,3,24,0,0,6,0,0,6,48,21,0,0,0
120,0,24,0,0,0,0,0,9,18,18,1,0,7
120,1,24,0,0,2,0,0,11,34,22,0,0,0
121,0,24,0,0,0,0,0,9,23,23,0,0,0
121,1,24,0,0,2,0,0,11,34,22,0,0,0
122,0,24,0,0,0,0,0,9,18,18,0,0,0
122,1,24,0,0,2,0,0,11,34,22,1,0,6
123,0,24,0,0,0,1,0,9,18,18,0,0,0
123,1,24,0,0,2,2,0,11,34,22,0,0,0
124,0,24,0,0,0,1,0,9,23,23,0,0,0
124,1,24,0,0,2,2,0,11,34,22,0,0,0
125,0,24,0,0,0,1,0,9,18,18,0,0,0
125,1,24,0,0,2,2,0,11,34,22,1,0,7
126,0,24,0,0,0,0,1,3,18,18,0,0,0
126,1,24,0,0,6,0,3,7,34,22,0,0,0
126,2,24,0,0,3,0,1,5,34,19,0,0,0
126,3,24,0,0,9,0,3,9,48,21,0,0,0
127,0,24,0,0,0,2,2,5,23,23,1,0,13
127,1,24,0,0,6,0,3,7,34,22,0,0,0
127,2,24,0,0,9,4,3,9,44,27,0,0,0
127,3,24,0,0,9,0,3,9,48,27,0,0,0
128,0,24,0,0,0,0,1,3,18,18,0,0,0
128,1,24,0,0,6,0,3,7,34,22,1,0,9
128,2,24,0,0,3,0,1,5,34,22,0,0,0
128,3,24,0,0,9,0,3,9,48,24,0,0,0
129,0,24,0,0,0,0,0,2,18,18,0,0,0
129,1,24,0,0,3,0,0,4,34,22,0,0,0
129,2,24,0,0,3,0,0,4,34,19,0,0,0
129,3,24,0,0,6,0,0,6,48,21,1,0,6
130,0,24,0,0,0,1,1,4,23,23,0,0,0
130,1,24,0,0,3,0,1,5,34,22,0,0,0
130,2,24,0,3,9,2,3,9,44,27,0,0,0
130,3,24,0,3,9,0,3,9,48,27,0,0,0
131,0,24,0,0,0,0,0,2,18,18,1,0,5
131,1,24,0,0,3,0,0,4,34,22,0,0,0
131,2,24,0,0,3,0,0,4,34,22,0,0,0
131,3,24,0,0,6,0,0,6,48,24,0,0,0
132,0,24,0,0,0,2,1,13,23,23,0,0,0
133,0,24,0,0,0,3,2,14,28,28,1,0,13
134,0,24,0,0,0,2,1,13,23,23,0,0,0
135,0,24,0,0,0,3,0,12,23,23,0,0,0
136,0,24,0,0,0,3,0,12,28,28,0,0,0
137,0,24,0,0,0,3,0,12,23,23,0,0,0
138,0,24,0,0,0,1,3,6,23,23,1,0,1
138,2,24,0,0,2,2,4,8,34,19,0,0,0
139,0,24,0,0,0,1,2,6,28,28,0,0,0
140,0,24,0,0,0,1,3,6,23,23,0,0,0
140,2,24,0,0,2,2,4,8,34,22,0,0,0
141,0,24,0,0,0,1,1,4,23,23,0,0,0
141,1,24,0,3,9,2,3,9,44,24,1,0,9
141,2,24,0,0,3,0,1,5,34,19,0,0,0
141,3,24,0,3,9,0,3,9,48,24,0,0,0
142,0,24,0,0,0,4,4,8,28,28,0,0,0
142,1,24,0,6,12,4,6,12,44,30,0,0,0
142,2,24,0,6,12,4,6,12,44,30,1,0,9
142,3,24,0,6,12,0,6,12,48,30,0,0,0
143,0,24,0,0,0,1,1,4,23,23,0,0,0
143,1,24,0,3,9,2,3,9,44,27,0,0,0
143,2,24,0,0,3,0,1,5,34,22,0,0,0
143,3,24,0,3,9,0,3,9,48,27,1,0,7
